"Country"|"InstCode"|"CMSstatus"|"NameCMS"|"NamfCMS"|"lpc-fellows"|"lpc-all"
"USA"|"BAYLOR-UNIV"|"Yes"|"Hatakeyama"|"Kenichi"|"1"|"1"
"USA"|"BAYLOR-UNIV"|"Yes"|"Liu"|"Hongxuan"|"1"|"1"
"USA"|"BOSTON-UNIV"|"Yes"|"Avetisyan"|"Aram"|"1"|"1"
"USA"|"BOSTON-UNIV"|"Yes"|"Bose"|"Tulika"|"1"|"1"
"USA"|"BROWN-UNIV"|"Yes"|"Landsberg"|"Greg"|"1"|"1"
"USA"|"BROWN-UNIV"|"Yes"|"Narain"|"Meenakshi"|"1"|"1"
"USA"|"CALTECH"|"Yes"|"Apresyan"|"Artur"|"1"|"1"
"USA"|"CARNEGIE-MELLON"|"Yes"|"Paulini"|"Manfred"|"1"|"1"
"USA"|"CHICAGO"|"Yes"|"Varelas"|"Nikos"|"1"|"1"
"USA"|"CORNELL"|"Yes"|"Wittich"|"Peter"|"1"|"1"
"USA"|"FERMILAB"|"Yes"|"Hirschauer"|"James"|"1"|"1"
"USA"|"FERMILAB"|"Yes"|"Tran"|"Nhan Viet"|"1"|"1"
"USA"|"FLORIDA-STATE"|"Yes"|"Askew"|"Andrew"|"1"|"1"
"USA"|"FLORIDA-STATE"|"Yes"|"Weinberg"|"Marc"|"1"|"1"
"USA"|"FLORIDA-TECH"|"Yes"|"Yumiceva"|"Francisco"|"1"|"1"
"USA"|"FLORIDA-UNIV"|"Yes"|"Das"|"Souvik"|"1"|"1"
"USA"|"FLORIDA-UNIV"|"Yes"|"Konigsberg"|"Jacobo"|"1"|"1"
"USA"|"IOWA"|"Yes"|"Yi"|"Kai"|"1"|"1"
"USA"|"JOHNS-HOPKINS"|"Yes"|"Gritsan"|"Andrei"|"1"|"1"
"USA"|"KANSAS-STATE"|"Yes"|"Ivanov"|"Andrew"|"1"|"1"
"USA"|"KANSAS-STATE"|"Yes"|"Khalil"|"Sadia"|"1"|"1"
"USA"|"KANSAS-STATE"|"Yes"|"Maravin"|"Yurii"|"1"|"1"
"USA"|"NORTHWESTERN"|"Yes"|"Hahn"|"Kristan Allan"|"1"|"1"
"USA"|"NOTRE_DAME"|"Yes"|"Hildreth"|"Michael"|"1"|"1"
"USA"|"RUTGERS"|"Yes"|"Chou"|"John Paul"|"1"|"1"
"USA"|"RUTGERS"|"Yes"|"Gershtein"|"Yuri"|"1"|"1"
"USA"|"RUTGERS"|"Yes"|"Halkiadakis"|"Eva"|"1"|"1"
"USA"|"SUNY-BUFFALO"|"Yes"|"Dolen"|"James"|"1"|"1"
"USA"|"TEXAS-TAMU"|"Yes"|"Ulmer"|"Keith"|"1"|"1"
"USA"|"UCSB"|"Yes"|"Golf"|"Frank"|"1"|"1"
"USA"|"ALABAMA-UNIV"|"Yes"|"Cooper"|"Seth"|""|"1"
"USA"|"ALABAMA-UNIV"|"Yes"|"Rumerio"|"Paolo"|""|"1"
"USA"|"BAYLOR-UNIV"|"Yes"|"Call"|"Kenneth"|""|"1"
"USA"|"BAYLOR-UNIV"|"Yes"|"Smith"|"Caleb"|""|"1"
"USA"|"BAYLOR-UNIV"|"Yes"|"Dittmann"|"Jay"|""|"1"
"USA"|"BAYLOR-UNIV"|"Yes"|"Pastika"|"Nathaniel"|""|"1"
"USA"|"BOSTON-UNIV"|"Yes"|"Arcaro"|"Daniel"|""|"1"
"USA"|"BOSTON-UNIV"|"Yes"|"Rankin"|"Dylan"|""|"1"
"USA"|"BOSTON-UNIV"|"Yes"|"Richardson"|"Clint"|""|"1"
"USA"|"BOSTON-UNIV"|"Yes"|"Zou"|"David"|""|"1"
"USA"|"BOSTON-UNIV"|"Yes"|"Rohlf"|"James"|""|"1"
"USA"|"BOSTON-UNIV"|"Yes"|"Sulak"|"Lawrence"|""|"1"
"USA"|"BROWN-UNIV"|"Yes"|"Garabedian"|"Alex"|""|"1"
"USA"|"BROWN-UNIV"|"Yes"|"Hadley"|"Mary"|""|"1"
"USA"|"BROWN-UNIV"|"Yes"|"Hakala"|"John"|""|"1"
"USA"|"BROWN-UNIV"|"Yes"|"Kwok"|"Ka Hei Martin"|""|"1"
"USA"|"BROWN-UNIV"|"Yes"|"Mao"|"Zaixing"|""|"1"
"USA"|"BROWN-UNIV"|"Yes"|"Morrison"|"Tyler"|""|"1"
"USA"|"BROWN-UNIV"|"Yes"|"Sagir"|"Sinan"|""|"1"
"USA"|"BROWN-UNIV"|"Yes"|"Syarif"|"Rizki"|""|"1"
"USA"|"BROWN-UNIV"|"Yes"|"Benelli"|"Gabriele"|""|"1"
"USA"|"BROWN-UNIV"|"Yes"|"Cutts"|"David"|""|"1"
"USA"|"BROWN-UNIV"|"Yes"|"Heintz"|"Ulrich"|""|"1"
"USA"|"BROWN-UNIV"|"Yes"|"Hogan"|"Julie Managan"|""|"1"
"USA"|"BROWN-UNIV"|"Yes"|"Jesus"|"Orduna"|""|"1"
"USA"|"BROWN-UNIV"|"Yes"|"Laird"|"Edward"|""|"1"
"USA"|"BROWN-UNIV"|"Yes"|"Piperov"|"Stefan"|""|"1"
"USA"|"BROWN-UNIV"|"Yes"|"Yu"|"David"|""|"1"
"USA"|"CALTECH"|"Yes"|"Xie"|"Si"|""|"1"
"USA"|"CARNEGIE-MELLON"|"Yes"|"Andrews"|"Michael Benjamin"|""|"1"
"USA"|"CARNEGIE-MELLON"|"Yes"|"Mudholkar"|"Tanmay"|""|"1"
"USA"|"CARNEGIE-MELLON"|"Yes"|"Sun"|"Menglei"|""|"1"
"USA"|"CARNEGIE-MELLON"|"Yes"|"Ferguson"|"Thomas"|""|"1"
"USA"|"CARNEGIE-MELLON"|"Yes"|"Russ"|"James"|""|"1"
"USA"|"CARNEGIE-MELLON"|"Yes"|"Vogel"|"Helmut"|""|"1"
"USA"|"CARNEGIE-MELLON"|"Yes"|"Vorobiev"|"Igor"|""|"1"
"USA"|"CHICAGO"|"Yes"|"Hangal"|"Dhanush Anil"|""|"1"
"USA"|"CHICAGO"|"Yes"|"Sandoval Gonzalez"|"Irving Daniel"|""|"1"
"USA"|"CHICAGO"|"Yes"|"Trauger"|"Hallie"|""|"1"
"USA"|"CHICAGO"|"Yes"|"Wang"|"Xiao"|""|"1"
"USA"|"CHICAGO"|"Yes"|"Wang"|"Hui"|""|"1"
"USA"|"CHICAGO"|"Yes"|"Zhang"|"Jingyu"|""|"1"
"USA"|"CHICAGO"|"Yes"|"Apanasevich"|"Leonard"|""|"1"
"USA"|"CHICAGO"|"Yes"|"Berry"|"Douglas"|""|"1"
"USA"|"CHICAGO"|"Yes"|"Cavanaugh"|"Richard"|""|"1"
"USA"|"CHICAGO"|"Yes"|"Evdokimov"|"Olga"|""|"1"
"USA"|"CHICAGO"|"Yes"|"Gerber"|"Cecilia Elena"|""|"1"
"USA"|"CHICAGO"|"Yes"|"Hofman"|"David Jonathan"|""|"1"
"USA"|"CHICAGO"|"Yes"|"Kamin"|"Jason"|""|"1"
"USA"|"CHICAGO"|"Yes"|"Wu"|"Zhenbin"|""|"1"
"USA"|"COLORADO"|"Yes"|"Jensen"|"Frank"|""|"1"
"USA"|"COLORADO"|"Yes"|"Johnson"|"Andrew"|""|"1"
"USA"|"CORNELL"|"Yes"|"Chaves"|"Jorge"|""|"1"
"USA"|"CORNELL"|"Yes"|"Chu"|"Jennifer"|""|"1"
"USA"|"CORNELL"|"Yes"|"Datta"|"Abhisek"|""|"1"
"USA"|"CORNELL"|"Yes"|"Dittmer"|"Susan"|""|"1"
"USA"|"CORNELL"|"Yes"|"Mcdermott"|"Kevin"|""|"1"
"USA"|"CORNELL"|"Yes"|"Mirman"|"Nathan"|""|"1"
"USA"|"CORNELL"|"Yes"|"Quach"|"Dan"|""|"1"
"USA"|"CORNELL"|"Yes"|"Tan"|"Shao Min"|""|"1"
"USA"|"CORNELL"|"Yes"|"Tao"|"Zhengcheng"|""|"1"
"USA"|"CORNELL"|"Yes"|"Zientek"|"Margaret"|""|"1"
"USA"|"CORNELL"|"Yes"|"Alexander"|"James"|""|"1"
"USA"|"CORNELL"|"Yes"|"Bellis"|"Matthew"|""|"1"
"USA"|"CORNELL"|"Yes"|"Cheng"|"Yangyang"|""|"1"
"USA"|"CORNELL"|"Yes"|"Patterson"|"Juliet Ritchie"|""|"1"
"USA"|"CORNELL"|"Yes"|"Rinkevicius"|"Aurelijus"|""|"1"
"USA"|"CORNELL"|"Yes"|"Skinnari"|"Louise"|""|"1"
"USA"|"CORNELL"|"Yes"|"Soffi"|"Livia"|""|"1"
"USA"|"CORNELL"|"Yes"|"Thom"|"Julia"|""|"1"
"USA"|"CORNELL"|"Yes"|"Tucker"|"Jordan"|""|"1"
"USA"|"FERMILAB"|"Yes"|"Albrow"|"Michael"|""|"1"
"USA"|"FERMILAB"|"Yes"|"Apollinari"|"Giorgio"|""|"1"
"USA"|"FERMILAB"|"Yes"|"Banerjee"|"Sunanda"|""|"1"
"USA"|"FERMILAB"|"Yes"|"Bauerdick"|"Lothar A.T."|""|"1"
"USA"|"FERMILAB"|"Yes"|"Berryhill"|"Jeffrey"|""|"1"
"USA"|"FERMILAB"|"Yes"|"Bhat"|"Pushpalatha C."|""|"1"
"USA"|"FERMILAB"|"Yes"|"Bolla"|"Gino"|""|"1"
"USA"|"FERMILAB"|"Yes"|"Burkett"|"Kevin"|""|"1"
"USA"|"FERMILAB"|"Yes"|"Butler"|"Joel Nathan"|""|"1"
"USA"|"FERMILAB"|"Yes"|"Canepa"|"Anadi"|""|"1"
"USA"|"FERMILAB"|"Yes"|"Cheung"|"Harry"|""|"1"
"USA"|"FERMILAB"|"Yes"|"Chlebana"|"Frank"|""|"1"
"USA"|"FERMILAB"|"Yes"|"Christian"|"David"|""|"1"
"USA"|"FERMILAB"|"Yes"|"Cremonesi"|"Matteo"|""|"1"
"USA"|"FERMILAB"|"Yes"|"Elvira"|"Victor Daniel"|""|"1"
"USA"|"FERMILAB"|"Yes"|"Freeman"|"Jim"|""|"1"
"USA"|"FERMILAB"|"Yes"|"Gecse"|"Zoltan"|""|"1"
"USA"|"FERMILAB"|"Yes"|"Gottschalk"|"Erik"|""|"1"
"USA"|"FERMILAB"|"Yes"|"Gray"|"Lindsey"|""|"1"
"USA"|"FERMILAB"|"Yes"|"Gr¸nendahl"|"Stefan"|""|"1"
"USA"|"FERMILAB"|"Yes"|"Gutsche"|"Oliver"|""|"1"
"USA"|"FERMILAB"|"Yes"|"Harris"|"Robert M."|""|"1"
"USA"|"FERMILAB"|"Yes"|"Hasegawa"|"Satoshi"|""|"1"
"USA"|"FERMILAB"|"Yes"|"Hu"|"Zhen"|""|"1"
"USA"|"FERMILAB"|"Yes"|"Hufnagel"|"Dirk"|""|"1"
"USA"|"FERMILAB"|"Yes"|"Jayatilaka"|"Bodhitha"|""|"1"
"USA"|"FERMILAB"|"Yes"|"Jindariani"|"Sergo"|""|"1"
"USA"|"FERMILAB"|"Yes"|"Joshi"|"Umesh"|""|"1"
"USA"|"FERMILAB"|"Yes"|"Klima"|"Boaz"|""|"1"
"USA"|"FERMILAB"|"Yes"|"Kreis"|"Benjamin"|""|"1"
"USA"|"FERMILAB"|"Yes"|"Lammel"|"Stephan"|""|"1"
"USA"|"FERMILAB"|"Yes"|"Linacre"|"Jacob"|""|"1"
"USA"|"FERMILAB"|"Yes"|"Lincoln"|"Don"|""|"1"
"USA"|"FERMILAB"|"Yes"|"Lipton"|"Ron"|""|"1"
"USA"|"FERMILAB"|"Yes"|"Liu"|"Miaoyuan"|""|"1"
"USA"|"FERMILAB"|"Yes"|"Liu"|"Tiehui"|""|"1"
"USA"|"FERMILAB"|"Yes"|"Lopes De S·"|"Rafael"|""|"1"
"USA"|"FERMILAB"|"Yes"|"Maeshima"|"Kaori"|""|"1"
"USA"|"FERMILAB"|"Yes"|"Maruyama"|"Sho"|""|"1"
"USA"|"FERMILAB"|"Yes"|"Mason"|"David"|""|"1"
"USA"|"FERMILAB"|"Yes"|"McBride"|"Patricia"|""|"1"
"USA"|"FERMILAB"|"Yes"|"Merkel"|"Petra"|""|"1"
"USA"|"FERMILAB"|"Yes"|"Mrenna"|"Stephen"|""|"1"
"USA"|"FERMILAB"|"Yes"|"Nahn"|"Steve"|""|"1"
"USA"|"FERMILAB"|"Yes"|"Pedro"|"Kevin"|""|"1"
"USA"|"FERMILAB"|"Yes"|"Rakness"|"Gregory"|""|"1"
"USA"|"FERMILAB"|"Yes"|"Ristori"|"Luciano"|""|"1"
"USA"|"FERMILAB"|"Yes"|"Schneider"|"Basil"|""|"1"
"USA"|"FERMILAB"|"Yes"|"Sexton-Kennedy"|"Elizabeth"|""|"1"
"USA"|"FERMILAB"|"Yes"|"Soha"|"Aron"|""|"1"
"USA"|"FERMILAB"|"Yes"|"Spalding"|"William J."|""|"1"
"USA"|"FERMILAB"|"Yes"|"Spiegel"|"Leonard"|""|"1"
"USA"|"FERMILAB"|"Yes"|"Stoynev"|"Stoyan"|""|"1"
"USA"|"FERMILAB"|"Yes"|"Strait"|"James"|""|"1"
"USA"|"FERMILAB"|"Yes"|"Strobbe"|"Nadja"|""|"1"
"USA"|"FERMILAB"|"Yes"|"Tkaczyk"|"Slawek"|""|"1"
"USA"|"FERMILAB"|"Yes"|"Uplegger"|"Lorenzo"|""|"1"
"USA"|"FERMILAB"|"Yes"|"Vaandering"|"Eric Wayne"|""|"1"
"USA"|"FERMILAB"|"Yes"|"Vernieri"|"Caterina"|""|"1"
"USA"|"FERMILAB"|"Yes"|"Verzocchi"|"Marco"|""|"1"
"USA"|"FERMILAB"|"Yes"|"Weber"|"Hannsjoerg Artur"|""|"1"
"USA"|"FERMILAB"|"Yes"|"Whitbeck"|"Andrew"|""|"1"
"USA"|"FLORIDA-FIU"|"Yes"|"Joshi"|"Yagya Raj"|""|"1"
"USA"|"FLORIDA-FIU"|"Yes"|"Stewart"|"Sean"|""|"1"
"USA"|"FLORIDA-FIU"|"Yes"|"Markowitz"|"Pete"|""|"1"
"USA"|"FLORIDA-FIU"|"Yes"|"Martinez"|"German"|""|"1"
"USA"|"FLORIDA-FIU"|"Yes"|"Rodriguez"|"Jorge Luis"|""|"1"
"USA"|"FLORIDA-STATE"|"Yes"|"Ackert"|"Andrew"|""|"1"
"USA"|"FLORIDA-STATE"|"Yes"|"Bein"|"Samuel"|""|"1"
"USA"|"FLORIDA-STATE"|"Yes"|"Khatiwada"|"Ajeeta"|""|"1"
"USA"|"FLORIDA-STATE"|"Yes"|"Santra"|"Arka"|""|"1"
"USA"|"FLORIDA-STATE"|"Yes"|"Schiber"|"Catherine"|""|"1"
"USA"|"FLORIDA-STATE"|"Yes"|"Adams"|"Todd"|""|"1"
"USA"|"FLORIDA-STATE"|"Yes"|"Johnson"|"Kurtis F."|""|"1"
"USA"|"FLORIDA-STATE"|"Yes"|"Prosper"|"Harrison"|""|"1"
"USA"|"FLORIDA-TECH"|"Yes"|"Bhopatkar"|"Vallary"|""|"1"
"USA"|"FLORIDA-TECH"|"Yes"|"Roy"|"Titas"|""|"1"
"USA"|"FLORIDA-TECH"|"Yes"|"Hohlmann"|"Marcus"|""|"1"
"USA"|"FLORIDA-TECH"|"Yes"|"Noonan"|"Daniel"|""|"1"
"USA"|"FLORIDA-UNIV"|"Yes"|"Wang"|"Sean-Jiun"|""|"1"
"USA"|"FLORIDA-UNIV"|"Yes"|"Acosta"|"Darin"|""|"1"
"USA"|"FLORIDA-UNIV"|"Yes"|"Bourilkov"|"Dimitri"|""|"1"
"USA"|"FLORIDA-UNIV"|"Yes"|"Kim"|"Bockjoo"|""|"1"
"USA"|"FLORIDA-UNIV"|"Yes"|"Korytov"|"Andrey"|""|"1"
"USA"|"FLORIDA-UNIV"|"Yes"|"Mitselmakher"|"Guenakh"|""|"1"
"USA"|"FLORIDA-UNIV"|"Yes"|"Shchutska"|"Lesya"|""|"1"
"USA"|"IOWA"|"Yes"|"Clarida"|"Warren"|""|"1"
"USA"|"IOWA"|"Yes"|"Dilsiz"|"Kamuran"|""|"1"
"USA"|"IOWA"|"Yes"|"Durgut"|"S¸leyman"|""|"1"
"USA"|"IOWA"|"Yes"|"Gandrajula"|"Reddy Pratap"|""|"1"
"USA"|"IOWA"|"Yes"|"Haytmyradov"|"Maksat"|""|"1"
"USA"|"IOWA"|"Yes"|"Khristenko"|"Viktor"|""|"1"
"USA"|"IOWA"|"Yes"|"Mermerkaya"|"Hamit"|""|"1"
"USA"|"IOWA"|"Yes"|"Moeller"|"Anthony"|""|"1"
"USA"|"IOWA"|"Yes"|"Ogul"|"Hasan"|""|"1"
"USA"|"IOWA"|"Yes"|"Ozok"|"Ferhat"|""|"1"
"USA"|"IOWA"|"Yes"|"Snyder"|"Christina"|""|"1"
"USA"|"IOWA"|"Yes"|"Tiras"|"Emrah"|""|"1"
"USA"|"IOWA"|"Yes"|"Wetzel"|"James"|""|"1"
"USA"|"IOWA"|"Yes"|"Zieser"|"Adam"|""|"1"
"USA"|"IOWA"|"Yes"|"Akgun"|"Ugur"|""|"1"
"USA"|"IOWA"|"Yes"|"Bilki"|"Burak"|""|"1"
"USA"|"IOWA"|"Yes"|"Ingram"|"F Duane"|""|"1"
"USA"|"IOWA"|"Yes"|"Merlo"|"Jean-Pierre"|""|"1"
"USA"|"IOWA"|"Yes"|"Mestvirishvili"|"Alexi"|""|"1"
"USA"|"IOWA"|"Yes"|"Nachtman"|"Jane"|""|"1"
"USA"|"IOWA"|"Yes"|"Onel"|"Yasar"|""|"1"
"USA"|"IOWA"|"Yes"|"Rahmat"|"Rahmat"|""|"1"
"USA"|"JOHNS-HOPKINS"|"Yes"|"Cocoros"|"Alice"|""|"1"
"USA"|"JOHNS-HOPKINS"|"Yes"|"Fehling"|"David"|""|"1"
"USA"|"JOHNS-HOPKINS"|"Yes"|"Osherson"|"Marc"|""|"1"
"USA"|"JOHNS-HOPKINS"|"Yes"|"Roskes"|"Jeffrey"|""|"1"
"USA"|"JOHNS-HOPKINS"|"Yes"|"Sarica"|"Ulascan"|""|"1"
"USA"|"JOHNS-HOPKINS"|"Yes"|"You"|"Can"|""|"1"
"USA"|"JOHNS-HOPKINS"|"Yes"|"Blumenfeld"|"Barry"|""|"1"
"USA"|"JOHNS-HOPKINS"|"Yes"|"Maksimovic"|"Petar"|""|"1"
"USA"|"JOHNS-HOPKINS"|"Yes"|"Xiao"|"Meng"|""|"1"
"USA"|"KANSAS-STATE"|"Yes"|"Mendis"|"Dalath Rachitha"|""|"1"
"USA"|"KANSAS-STATE"|"Yes"|"Toda"|"Sachiko"|""|"1"
"USA"|"KANSAS-STATE"|"Yes"|"Kaadze"|"Ketino"|""|"1"
"USA"|"KANSAS-STATE"|"Yes"|"Mohammadi"|"Abdollah"|""|"1"
"USA"|"KANSAS-STATE"|"Yes"|"Saini"|"Lovedeep Kaur"|""|"1"
"USA"|"KANSAS-STATE"|"Yes"|"Skhirtladze"|"Nikoloz"|""|"1"
"USA"|"MARYLAND"|"Yes"|"Ferraioli"|"Charles"|""|"1"
"USA"|"MARYLAND"|"Yes"|"Tonjes"|"Marguerite"|""|"1"
"USA"|"MINNESOTA"|"Yes"|"Evans"|"Andrew"|""|"1"
"USA"|"MINNESOTA"|"Yes"|"Hansen"|"Peter"|""|"1"
"USA"|"MINNESOTA"|"Yes"|"Kalafut"|"Sean"|""|"1"
"USA"|"MINNESOTA"|"Yes"|"Lesko"|"Zachary"|""|"1"
"USA"|"MINNESOTA"|"Yes"|"Turkewitz"|"Jared"|""|"1"
"USA"|"MINNESOTA"|"Yes"|"Kubota"|"Yuichi"|""|"1"
"USA"|"MINNESOTA"|"Yes"|"Mans"|"Jeremy"|""|"1"
"USA"|"MINNESOTA"|"Yes"|"Ruckstuhl"|"Nicole"|""|"1"
"USA"|"NEBRASKA"|"Yes"|"Avdeeva"|"Ekaterina"|""|"1"
"USA"|"NEBRASKA"|"Yes"|"Fangmeier"|"Caleb"|""|"1"
"USA"|"NEBRASKA"|"Yes"|"Kamalieddin"|"Rami"|""|"1"
"USA"|"NEBRASKA"|"Yes"|"Monroy"|"Jose"|""|"1"
"USA"|"NEBRASKA"|"Yes"|"Siado"|"Joaquin Emilo"|""|"1"
"USA"|"NEBRASKA"|"Yes"|"Stieger"|"Benjamin"|""|"1"
"USA"|"NEBRASKA"|"Yes"|"Bartek"|"Rachel"|""|"1"
"USA"|"NEBRASKA"|"Yes"|"Bloom"|"Kenneth"|""|"1"
"USA"|"NEBRASKA"|"Yes"|"Claes"|"Daniel R."|""|"1"
"USA"|"NEBRASKA"|"Yes"|"Dominguez"|"Aaron"|""|"1"
"USA"|"NEBRASKA"|"Yes"|"Gonzalez Suarez"|"Rebeca"|""|"1"
"USA"|"NEBRASKA"|"Yes"|"Kravchenko"|"Ilya"|""|"1"
"USA"|"NEBRASKA"|"Yes"|"Snow"|"Gregory R."|""|"1"
"USA"|"NORTHEASTERN"|"Yes"|"Freer"|"Chad"|""|"1"
"USA"|"NORTHEASTERN"|"Yes"|"Hortiangtham"|"Apichart"|""|"1"
"USA"|"NORTHEASTERN"|"Yes"|"Alverson"|"George"|""|"1"
"USA"|"NORTHEASTERN"|"Yes"|"Barberis"|"Emanuela"|""|"1"
"USA"|"NORTHEASTERN"|"Yes"|"Massironi"|"Andrea"|""|"1"
"USA"|"NORTHEASTERN"|"Yes"|"Morse"|"David Michael"|""|"1"
"USA"|"NORTHEASTERN"|"Yes"|"Orimoto"|"Toyoko"|""|"1"
"USA"|"NORTHEASTERN"|"Yes"|"Trocino"|"Daniele"|""|"1"
"USA"|"NOTRE_DAME"|"Yes"|"Reinsvold"|"Allison"|""|"1"
"USA"|"NOTRE_DAME"|"Yes"|"Hurtado Anampa"|"Kenyi"|""|"1"
"USA"|"NOTRE_DAME"|"Yes"|"Jessop"|"Colin"|""|"1"
"USA"|"NOTRE_DAME"|"Yes"|"Karmgard"|"Daniel John"|""|"1"
"USA"|"NOTRE_DAME"|"Yes"|"Lannon"|"Kevin"|""|"1"
"USA"|"NOTRE_DAME"|"Yes"|"Ruchti"|"Randy"|""|"1"
"USA"|"NOTRE_DAME"|"Yes"|"Wayne"|"Mitchell"|""|"1"
"USA"|"OHIO-STATE"|"Yes"|"Flowers"|"Sean"|""|"1"
"USA"|"OHIO-STATE"|"Yes"|"Hart"|"Andrew"|""|"1"
"USA"|"OHIO-STATE"|"Yes"|"Ji"|"Weifeng"|""|"1"
"USA"|"OHIO-STATE"|"Yes"|"Lefeld"|"Anthony"|""|"1"
"USA"|"OHIO-STATE"|"Yes"|"Liu"|"Bingxuan"|""|"1"
"USA"|"OHIO-STATE"|"Yes"|"Alimena"|"Juliette"|""|"1"
"USA"|"OHIO-STATE"|"Yes"|"Antonelli"|"Louis"|""|"1"
"USA"|"OHIO-STATE"|"Yes"|"Durkin"|"Lloyd Stanley"|""|"1"
"USA"|"OHIO-STATE"|"Yes"|"Francis"|"Brian"|""|"1"
"USA"|"OHIO-STATE"|"Yes"|"Hill"|"Christopher"|""|"1"
"USA"|"OHIO-STATE"|"Yes"|"Luo"|"Wuming"|""|"1"
"USA"|"OHIO-STATE"|"Yes"|"Puigh"|"Darren"|""|"1"
"USA"|"OHIO-STATE"|"Yes"|"Winer"|"Brian L."|""|"1"
"USA"|"OHIO-STATE"|"Yes"|"Wulsin"|"Howard Wells"|""|"1"
"USA"|"PUERTO_RICO"|"Yes"|"Malik"|"Sudhir"|""|"1"
"USA"|"PUERTO_RICO"|"Yes"|"Norberg"|"Scarlet"|""|"1"
"USA"|"PUERTO_RICO"|"Yes"|"Ramirez Vargas"|"Juan Eduardo"|""|"1"
"USA"|"PURDUE"|"Yes"|"Jung"|"Kurt"|""|"1"
"USA"|"PURDUE"|"Yes"|"Peng"|"Cheng-Chieh"|""|"1"
"USA"|"PURDUE"|"Yes"|"Sun"|"Jian"|""|"1"
"USA"|"PURDUE"|"Yes"|"Xiao"|"Rui"|""|"1"
"USA"|"PURDUE"|"Yes"|"Xu"|"Lingshan"|""|"1"
"USA"|"PURDUE"|"Yes"|"Barker"|"Anthony"|""|"1"
"USA"|"PURDUE"|"Yes"|"Folgueras"|"Santiago"|""|"1"
"USA"|"PURDUE"|"Yes"|"Jones"|"Matthew"|""|"1"
"USA"|"PURDUE"|"Yes"|"Jung"|"Andreas Werner"|""|"1"
"USA"|"PURDUE"|"Yes"|"Neumeister"|"Norbert"|""|"1"
"USA"|"PURDUE"|"Yes"|"Radburn-Smith"|"Benjamin Charles"|""|"1"
"USA"|"PURDUE"|"Yes"|"Wang"|"Fuqiang"|""|"1"
"USA"|"PURDUE"|"Yes"|"Xie"|"Wei"|""|"1"
"USA"|"PURDUE-CALUMET"|"Yes"|"Parashar"|"Neeti"|""|"1"
"USA"|"PURDUE-CALUMET"|"Yes"|"Stupak"|"John"|""|"1"
"USA"|"ROCHESTER"|"Yes"|"Duh"|"Yi-ting"|""|"1"
"USA"|"ROCHESTER"|"Yes"|"Dulemba"|"Joseph Lynn"|""|"1"
"USA"|"ROCHESTER"|"Yes"|"Lo"|"Kin Ho"|""|"1"
"USA"|"ROCHESTER"|"Yes"|"Taus"|"Rhys"|""|"1"
"USA"|"ROCHESTER"|"Yes"|"Bodek"|"Arie"|""|"1"
"USA"|"ROCHESTER"|"Yes"|"de Barbaro"|"Pawel"|""|"1"
"USA"|"ROCHESTER"|"Yes"|"Demina"|"Regina"|""|"1"
"USA"|"ROCHESTER"|"Yes"|"Galanti"|"Mario"|""|"1"
"USA"|"ROCHESTER"|"Yes"|"Garcia-Bellido"|"Aran"|""|"1"
"USA"|"ROCHESTER"|"Yes"|"Han"|"Jiyeon"|""|"1"
"USA"|"ROCHESTER"|"Yes"|"Hindrichs"|"Otto"|""|"1"
"USA"|"ROCHESTER"|"Yes"|"Khukhunaishvili"|"Aleko"|""|"1"
"USA"|"ROCHESTER"|"Yes"|"Melissinos"|"Adrian"|""|"1"
"USA"|"ROCHESTER"|"Yes"|"Tan"|"Ping"|""|"1"
"USA"|"ROCHESTER"|"Yes"|"Verzetti"|"Mauro"|""|"1"
"USA"|"ROCHESTER"|"Yes"|"Zielinski"|"Marek"|""|"1"
"USA"|"RUTGERS"|"Yes"|"Apte"|"Ruturaj"|""|"1"
"USA"|"RUTGERS"|"Yes"|"GÛmez Espinosa"|"Tirso Alejandro"|""|"1"
"USA"|"RUTGERS"|"Yes"|"Heindl"|"Maximilian"|""|"1"
"USA"|"RUTGERS"|"Yes"|"Hughes"|"Elliot"|""|"1"
"USA"|"RUTGERS"|"Yes"|"Kaplan"|"Steven"|""|"1"
"USA"|"RUTGERS"|"Yes"|"Kyriacou"|"Savvas"|""|"1"
"USA"|"RUTGERS"|"Yes"|"Sheffield"|"David"|""|"1"
"USA"|"RUTGERS"|"Yes"|"Thomassen"|"Peter"|""|"1"
"USA"|"RUTGERS"|"Yes"|"Lath"|"Amitabh"|""|"1"
"USA"|"RUTGERS"|"Yes"|"Nash"|"Kevin"|""|"1"
"USA"|"SUNY-BUFFALO"|"Yes"|"Alyari"|"Maral"|""|"1"
"USA"|"SUNY-BUFFALO"|"Yes"|"Godshalk"|"Andrew"|""|"1"
"USA"|"SUNY-BUFFALO"|"Yes"|"Harrington"|"Charles"|""|"1"
"USA"|"SUNY-BUFFALO"|"Yes"|"Parker"|"Ashley"|""|"1"
"USA"|"SUNY-BUFFALO"|"Yes"|"Roozbahani"|"Bahareh"|""|"1"
"USA"|"SUNY-BUFFALO"|"Yes"|"Iashvili"|"Ia"|""|"1"
"USA"|"SUNY-BUFFALO"|"Yes"|"Kharchilava"|"Avto"|""|"1"
"USA"|"SUNY-BUFFALO"|"Yes"|"Nguyen"|"Duong"|""|"1"
"USA"|"SUNY-BUFFALO"|"Yes"|"Rappoccio"|"Salvatore"|""|"1"
"USA"|"TENNESSEE"|"Yes"|"Heideman"|"Joseph"|""|"1"
"USA"|"TENNESSEE"|"Yes"|"Riley"|"Grant"|""|"1"
"USA"|"TENNESSEE"|"Yes"|"Thapa"|"Krishna"|""|"1"
"USA"|"TENNESSEE"|"Yes"|"Rose"|"Keith"|""|"1"
"USA"|"TENNESSEE"|"Yes"|"Spanier"|"Stefan"|""|"1"
"USA"|"TEXAS-TAMU"|"Yes"|"Celik"|"Ali"|""|"1"
"USA"|"TEXAS-TAMU"|"Yes"|"Delgado"|"Andrea"|""|"1"
"USA"|"TEXAS-TAMU"|"Yes"|"Dildick"|"Sven"|""|"1"
"USA"|"TEXAS-TAMU"|"Yes"|"Huang"|"Tao"|""|"1"
"USA"|"TEXAS-TAMU"|"Yes"|"Mueller"|"Ryan"|""|"1"
"USA"|"TEXAS-TAMU"|"Yes"|"Perloff"|"Alexx"|""|"1"
"USA"|"TEXAS-TAMU"|"Yes"|"Tatarinov"|"Aysen"|""|"1"
"USA"|"TEXAS-TAMU"|"Yes"|"Bouhali"|"Othmane"|""|"1"
"USA"|"TEXAS-TAMU"|"Yes"|"Dalchenko"|"Mykhailo"|""|"1"
"USA"|"TEXAS-TAMU"|"Yes"|"De Mattia"|"Marco"|""|"1"
"USA"|"TEXAS-TAMU"|"Yes"|"Eusebi"|"Ricardo"|""|"1"
"USA"|"TEXAS-TAMU"|"Yes"|"Kamon"|"Teruki"|""|"1"
"USA"|"TEXAS-TAMU"|"Yes"|"Pakhotin"|"Yuriy"|""|"1"
"USA"|"TEXAS-TAMU"|"Yes"|"Patel"|"Rishi"|""|"1"
"USA"|"TEXAS-TAMU"|"Yes"|"PerniË"|"Luca"|""|"1"
"USA"|"TEXAS-TAMU"|"Yes"|"Rathjens"|"Denis"|""|"1"
"USA"|"TEXAS-TAMU"|"Yes"|"Safonov"|"Alexei"|""|"1"
"USA"|"TEXAS-TECH"|"Yes"|"Faulkner"|"James"|""|"1"
"USA"|"TEXAS-TECH"|"Yes"|"Lamichhane"|"Kamal"|""|"1"
"USA"|"TEXAS-TECH"|"Yes"|"Libeiro"|"Terence"|""|"1"
"USA"|"TEXAS-TECH"|"Yes"|"Mengke"|"Tielige"|""|"1"
"USA"|"TEXAS-TECH"|"Yes"|"Muthumuni"|"Samila"|""|"1"
"USA"|"TEXAS-TECH"|"Yes"|"Undleeb"|"Sonaina"|""|"1"
"USA"|"TEXAS-TECH"|"Yes"|"Wang"|"Zhixing"|""|"1"
"USA"|"TEXAS-TECH"|"Yes"|"Akchurin"|"Nural"|""|"1"
"USA"|"TEXAS-TECH"|"Yes"|"Damgov"|"Jordan"|""|"1"
"USA"|"TEXAS-TECH"|"Yes"|"Dudero"|"Phillip Russell"|""|"1"
"USA"|"TEXAS-TECH"|"Yes"|"Kunori"|"Shuichi"|""|"1"
"USA"|"TEXAS-TECH"|"Yes"|"Lee"|"Sung Won"|""|"1"
"USA"|"TEXAS-TECH"|"Yes"|"Volobouev"|"Igor"|""|"1"
"USA"|"UCDAVIS"|"Yes"|"Brainerd"|"Christopher"|""|"1"
"USA"|"UCDAVIS"|"Yes"|"Funk"|"Garrett"|""|"1"
"USA"|"UCDAVIS"|"Yes"|"Stolp"|"Dustin"|""|"1"
"USA"|"UCDAVIS"|"Yes"|"Wang"|"Zhangqier"|""|"1"
"USA"|"UCDAVIS"|"Yes"|"Chauhan"|"Sushil"|""|"1"
"USA"|"UCDAVIS"|"Yes"|"Pilot"|"Justin"|""|"1"
"USA"|"UCDAVIS"|"Yes"|"Shalhout"|"Shalhout"|""|"1"
"USA"|"UCLA"|"Yes"|"Dasgupta"|"Abhigyan"|""|"1"
"USA"|"UCLA"|"Yes"|"Schnaible"|"Christian"|""|"1"
"USA"|"UCLA"|"Yes"|"Cousins"|"Robert"|""|"1"
"USA"|"UCLA"|"Yes"|"Everaerts"|"Pieter"|""|"1"
"USA"|"UCLA"|"Yes"|"Florent"|"Alice"|""|"1"
"USA"|"UCLA"|"Yes"|"Valuev"|"Vyacheslav"|""|"1"
"USA"|"UCLA"|"Yes"|"Weber"|"Matthias"|""|"1"
"USA"|"UCRIVERSIDE"|"Yes"|"Burt"|"Kira"|""|"1"
"USA"|"UCRIVERSIDE"|"Yes"|"Olmedo Negrete"|"Manuel"|""|"1"
"USA"|"UCRIVERSIDE"|"Yes"|"Si"|"Weinan"|""|"1"
"USA"|"UCRIVERSIDE"|"Yes"|"Clare"|"Robert"|""|"1"
"USA"|"UCRIVERSIDE"|"Yes"|"Hanson"|"Gail"|""|"1"
"USA"|"UCSB"|"Yes"|"Amin"|"Nick"|""|"1"
"USA"|"UCSB"|"Yes"|"Bhandari"|"Rohan"|""|"1"
"USA"|"UCSB"|"Yes"|"Bradmiller-Feld"|"John"|""|"1"
"USA"|"UCSB"|"Yes"|"Colegrove"|"Owen"|""|"1"
"USA"|"UCSB"|"Yes"|"Dishaw"|"Adam"|""|"1"
"USA"|"UCSB"|"Yes"|"George"|"Christopher"|""|"1"
"USA"|"UCSB"|"Yes"|"Gran"|"Jason"|""|"1"
"USA"|"UCSB"|"Yes"|"Heller"|"Ryan"|""|"1"
"USA"|"UCSB"|"Yes"|"Mccoll"|"Nickolas"|""|"1"
"USA"|"UCSB"|"Yes"|"Mullin"|"Sam Daniel"|""|"1"
"USA"|"UCSB"|"Yes"|"Patterson"|"Alex"|""|"1"
"USA"|"UCSB"|"Yes"|"Qu"|"Huilin"|""|"1"
"USA"|"UCSB"|"Yes"|"Wang"|"Sicheng"|""|"1"
"USA"|"UCSB"|"Yes"|"Campagnari"|"Claudio"|""|"1"
"USA"|"UCSB"|"Yes"|"Dutta"|"Valentina"|""|"1"
"USA"|"UCSB"|"Yes"|"Franco Sevilla"|"Manuel"|""|"1"
"USA"|"UCSB"|"Yes"|"Gouskos"|"Loukas"|""|"1"
"USA"|"UCSB"|"Yes"|"Incandela"|"Joe"|""|"1"
"USA"|"UCSB"|"Yes"|"Ovcharova"|"Ana"|""|"1"
"USA"|"UCSB"|"Yes"|"Richman"|"Jeffrey"|""|"1"
"USA"|"UCSB"|"Yes"|"Stuart"|"David"|""|"1"
"USA"|"UCSB"|"Yes"|"Suarez"|"Indara"|""|"1"
"USA"|"UCSB"|"Yes"|"West"|"Christopher"|""|"1"
"USA"|"UCSB"|"Yes"|"Yoo"|"Jaehyeok"|""|"1"
"USA"|"UCSD"|"Yes"|"Derdzinski"|"Mark"|""|"1"
"USA"|"UCSD"|"Yes"|"Klein"|"Daniel"|""|"1"
"USA"|"UCSD"|"Yes"|"Cerati"|"Giuseppe Benedetto"|""|"1"
"USA"|"UCSD"|"Yes"|"Letts"|"James"|""|"1"
"USA"|"UCSD"|"Yes"|"Letts"|"James"|""|"1"
"USA"|"UCSD"|"Yes"|"Olivito"|"Dominick"|""|"1"
"USA"|"UCSD"|"Yes"|"W¸rthwein"|"Frank"|""|"1"
"USA"|"UCSD"|"Yes"|"Zevi Della Porta"|"Giovanni"|""|"1"
"USA"|"VANDERBILT"|"Yes"|"Delannoy"|"AndrÈs G."|""|"1"
"USA"|"VANDERBILT"|"Yes"|"Melo"|"Andrew"|""|"1"
"USA"|"VANDERBILT"|"Yes"|"Gurrola"|"Alfredo"|""|"1"
"USA"|"WAYNE"|"Yes"|"Poudyal"|"Nabin"|""|"1"
"USA"|"WAYNE"|"Yes"|"Siehl"|"Kevin"|""|"1"
"USA"|"WAYNE"|"Yes"|"Thapa"|"Prakash"|""|"1"
"USA"|"WAYNE"|"Yes"|"Zaleski"|"Shawn"|""|"1"
"USA"|"WAYNE"|"Yes"|"Harr"|"Robert"|""|"1"
"USA"|"WAYNE"|"Yes"|"Karchin"|"Paul Edmund"|""|"1"
"USA"|"WAYNE"|"Yes"|"Sturdy"|"Jared"|""|"1"
"USA"|"WISCONSIN"|"Yes"|"Buchanan"|"James"|""|"1"
"USA"|"WISCONSIN"|"Yes"|"Dodd"|"Laura"|""|"1"
"USA"|"WISCONSIN"|"Yes"|"Hussain"|"Usama"|""|"1"
"USA"|"WISCONSIN"|"Yes"|"Long"|"Kenneth"|""|"1"
"USA"|"WISCONSIN"|"Yes"|"Ruggles"|"Tyler"|""|"1"
"USA"|"WISCONSIN"|"Yes"|"Smith"|"Nicholas"|""|"1"
"USA"|"WISCONSIN"|"Yes"|"Taylor"|"Devin"|""|"1"
"USA"|"WISCONSIN"|"Yes"|"Woods"|"Nathaniel"|""|"1"
"USA"|"WISCONSIN"|"Yes"|"Dasu"|"Sridhara"|""|"1"
"USA"|"WISCONSIN"|"Yes"|"Gomber"|"Bhawna"|""|"1"
"USA"|"WISCONSIN"|"Yes"|"Herndon"|"Matthew"|""|"1"
"USA"|"WISCONSIN"|"Yes"|"Mohapatra"|"Ajit"|""|"1"
"USA"|"WISCONSIN"|"Yes"|"Ojalvo"|"Isabel"|""|"1"
"USA"|"WISCONSIN"|"Yes"|"Smith"|"Wesley H."|""|"1"
"USA"|"WISCONSIN"|"Yes"|"Vuosalo"|"Carl"|""|"1"
"USA"|"CHICAGO"|"Yes"|"Chen"|"Xuan"|""|"1"
"USA"|"COLORADO"|"Yes"|"Stenson"|"Kevin"|"1"|""
"USA"|"MARYLAND"|"Yes"|"Jabeen"|"Shabnam"|"1"|""
"USA"|"PRINCETON"|"Yes"|"Olsen"|"James"|"1"|""
"USA"|"UCSD"|"Yes"|"Padhi"|"Sanjay"|"1"|""
"USA"|"ALABAMA-UNIV"|"Yes"|"Buccilli"|"Andrew"|""|""
"USA"|"ALABAMA-UNIV"|"Yes"|"Lemmen"|"Kirk"|""|""
"USA"|"BAYLOR-UNIV"|"Yes"|"Borzou"|"Ahmad"|""|""
"USA"|"BOSTON-UNIV"|"Yes"|"Jacob"|"Colin"|""|""
"USA"|"BROWN-UNIV"|"Yes"|"Lanman"|"Adam"|""|""
"USA"|"BROWN-UNIV"|"Yes"|"Spencer"|"Eric"|""|""
"USA"|"BROWN-UNIV"|"Yes"|"Trenado"|"Juan"|""|""
"USA"|"CALTECH"|"Yes"|"Anderson"|"Dustin"|""|""
"USA"|"CALTECH"|"Yes"|"Chen"|"Yi"|""|""
"USA"|"CALTECH"|"Yes"|"Duarte"|"Javier"|""|""
"USA"|"CALTECH"|"Yes"|"Lawhorn"|"Jay Mathew"|""|""
"USA"|"CALTECH"|"Yes"|"Mott"|"Alexander"|""|""
"USA"|"CALTECH"|"Yes"|"Nguyen"|"Thong"|""|""
"USA"|"CALTECH"|"Yes"|"Pena"|"Cristian"|""|""
"USA"|"CALTECH"|"Yes"|"Zhang"|"Zhicai"|""|""
"USA"|"COLORADO"|"Yes"|"Krohn"|"Michael"|""|""
"USA"|"COLORADO"|"Yes"|"Mulholland"|"Troy"|""|""
"USA"|"FLORIDA-TECH"|"Yes"|"Saunders"|"Mark"|""|""
"USA"|"FLORIDA-UNIV"|"Yes"|"Carnes"|"Andrew"|""|""
"USA"|"FLORIDA-UNIV"|"Yes"|"Carver"|"Matthew"|""|""
"USA"|"FLORIDA-UNIV"|"Yes"|"Curry"|"David"|""|""
"USA"|"FLORIDA-UNIV"|"Yes"|"Guo"|"Yuxiang"|""|""
"USA"|"FLORIDA-UNIV"|"Yes"|"Ma"|"Peisen"|""|""
"USA"|"FLORIDA-UNIV"|"Yes"|"Mei"|"Hualin"|""|""
"USA"|"FLORIDA-UNIV"|"Yes"|"Rank"|"Douglas"|""|""
"USA"|"JOHNS-HOPKINS"|"Yes"|"Eminizer"|"Nicholas"|""|""
"USA"|"JOHNS-HOPKINS"|"Yes"|"Feng"|"Lei"|""|""
"USA"|"KANSAS-STATE"|"Yes"|"Wright"|"Justin"|""|""
"USA"|"KANSAS-UNIV"|"Yes"|"Al-bataineh"|"Ayman"|""|""
"USA"|"KANSAS-UNIV"|"Yes"|"Boren"|"Samuel"|""|""
"USA"|"KANSAS-UNIV"|"Yes"|"Bowen"|"James"|""|""
"USA"|"KANSAS-UNIV"|"Yes"|"Castle"|"James"|""|""
"USA"|"KANSAS-UNIV"|"Yes"|"Mcbrayer"|"William"|""|""
"USA"|"MARYLAND"|"Yes"|"Anelli"|"Christopher"|""|""
"USA"|"MARYLAND"|"Yes"|"Baron"|"Owen"|""|""
"USA"|"MARYLAND"|"Yes"|"Calvert"|"Brian"|""|""
"USA"|"MARYLAND"|"Yes"|"Feng"|"Yongbin"|""|""
"USA"|"MARYLAND"|"Yes"|"Shin"|"Young Ho"|""|""
"USA"|"MARYLAND"|"Yes"|"Wong"|"Kak"|""|""
"USA"|"MINNESOTA"|"Yes"|"Chatterjee"|"Rajdeep Mohan"|""|""
"USA"|"MINNESOTA"|"Yes"|"Tambe"|"Norbert"|""|""
"USA"|"MISSISSIPPI"|"Yes"|"Acosta"|"John Gabriel"|""|""
"USA"|"MISSISSIPPI"|"Yes"|"Oliveros"|"Sandra"|""|""
"USA"|"MIT"|"Yes"|"Abercrombie"|"Daniel"|""|""
"USA"|"MIT"|"Yes"|"Allen"|"Brandon"|""|""
"USA"|"MIT"|"Yes"|"Apyan"|"Aram"|""|""
"USA"|"MIT"|"Yes"|"Barbieri"|"Richard"|""|""
"USA"|"MIT"|"Yes"|"Baty"|"Austin"|""|""
"USA"|"MIT"|"Yes"|"Bi"|"Ran"|""|""
"USA"|"MIT"|"Yes"|"Brandt"|"Stephanie"|""|""
"USA"|"MIT"|"Yes"|"Hsu"|"Dylan"|""|""
"USA"|"MIT"|"Yes"|"Hu"|"Miao"|""|""
"USA"|"MIT"|"Yes"|"Krajczar"|"Krisztian"|""|""
"USA"|"MIT"|"Yes"|"Levin"|"Andrew"|""|""
"USA"|"MIT"|"Yes"|"Mcginn"|"Christopher"|""|""
"USA"|"MIT"|"Yes"|"Narayanan"|"Siddharth"|""|""
"USA"|"MIT"|"Yes"|"Niu"|"Xinmei"|""|""
"USA"|"MIT"|"Yes"|"Tatar"|"Kaya"|""|""
"USA"|"MIT"|"Yes"|"Velicanu"|"Dragos"|""|""
"USA"|"MIT"|"Yes"|"Wang"|"Jing"|""|""
"USA"|"MIT"|"Yes"|"Wang"|"Ta-Wei"|""|""
"USA"|"MIT"|"Yes"|"Weisser"|"Constantin"|""|""
"USA"|"NEBRASKA"|"Yes"|"Barrefors"|"Bjˆrn"|""|""
"USA"|"NORTHEASTERN"|"Yes"|"Nash"|"David"|""|""
"USA"|"NORTHEASTERN"|"Yes"|"Teixeira De Lima"|"Rafael"|""|""
"USA"|"NORTHEASTERN"|"Yes"|"Wang"|"Ren-Jie"|""|""
"USA"|"NORTHWESTERN"|"Yes"|"Bhattacharya"|"Saptaparna"|""|""
"USA"|"NORTHWESTERN"|"Yes"|"Chen"|"Ziheng"|""|""
"USA"|"NORTHWESTERN"|"Yes"|"Gunter"|"Thoth"|""|""
"USA"|"NORTHWESTERN"|"Yes"|"Low"|"Jia Fu"|""|""
"USA"|"NORTHWESTERN"|"Yes"|"Mucia"|"Nicholas"|""|""
"USA"|"NORTHWESTERN"|"Yes"|"Odell"|"Nathaniel"|""|""
"USA"|"NORTHWESTERN"|"Yes"|"Pollack"|"Brian"|""|""
"USA"|"NORTHWESTERN"|"Yes"|"Sevova"|"Stanislava"|""|""
"USA"|"NOTRE_DAME"|"Yes"|"Dev"|"Nabarun"|""|""
"USA"|"NOTRE_DAME"|"Yes"|"Gudin"|"Dmitrii"|""|""
"USA"|"NOTRE_DAME"|"Yes"|"Kellams"|"Nathan"|""|""
"USA"|"NOTRE_DAME"|"Yes"|"Meng"|"Fanbo"|""|""
"USA"|"NOTRE_DAME"|"Yes"|"Mueller"|"Charles"|""|""
"USA"|"NOTRE_DAME"|"Yes"|"Planer"|"Michael"|""|""
"USA"|"NOTRE_DAME"|"Yes"|"Wolf"|"Matthias"|""|""
"USA"|"NOTRE_DAME"|"Yes"|"Woodard"|"Anna"|""|""
"USA"|"PRINCETON"|"Yes"|"Cooperstein"|"Stephane"|""|""
"USA"|"PRINCETON"|"Yes"|"Hardenbrook"|"Joshua"|""|""
"USA"|"PRINCETON"|"Yes"|"Hebda"|"Philip"|""|""
"USA"|"PRINCETON"|"Yes"|"Luo"|"Jingyu"|""|""
"USA"|"PRINCETON"|"Yes"|"Mei"|"Kelvin"|""|""
"USA"|"RICE"|"Yes"|"Adair"|"Antony"|""|""
"USA"|"RICE"|"Yes"|"Chen"|"Zhenyu"|""|""
"USA"|"RICE"|"Yes"|"Kilpatrick"|"Matthew"|""|""
"USA"|"RICE"|"Yes"|"Michlin"|"Benjamin"|""|""
"USA"|"RICE"|"Yes"|"Northup"|"Michael"|""|""
"USA"|"RICE"|"Yes"|"Shi"|"Wei"|""|""
"USA"|"RICE"|"Yes"|"Tu"|"Zhoudunming"|""|""
"USA"|"RICE"|"Yes"|"Zabel"|"James"|""|""
"USA"|"RUTGERS"|"Yes"|"Kunnawalkam Elayavalli"|"Raghav"|""|""
"USA"|"RUTGERS"|"Yes"|"Laflotte"|"Ian"|""|""
"USA"|"TENNESSEE"|"Yes"|"Foerster"|"Mark"|""|""
"USA"|"UCDAVIS"|"Yes"|"Band"|"Reyer"|""|""
"USA"|"UCDAVIS"|"Yes"|"Burns"|"Dustin"|""|""
"USA"|"UCDAVIS"|"Yes"|"Conway"|"Rylan"|""|""
"USA"|"UCDAVIS"|"Yes"|"Flores"|"Chad"|""|""
"USA"|"UCDAVIS"|"Yes"|"Gardner"|"Michael"|""|""
"USA"|"UCDAVIS"|"Yes"|"Gearhart"|"Joshua"|""|""
"USA"|"UCDAVIS"|"Yes"|"Kukral"|"Ota"|""|""
"USA"|"UCDAVIS"|"Yes"|"Long"|"Megan"|""|""
"USA"|"UCDAVIS"|"Yes"|"Mclean"|"Christine"|""|""
"USA"|"UCDAVIS"|"Yes"|"Ricci-Tam"|"Francesca"|""|""
"USA"|"UCDAVIS"|"Yes"|"Shi"|"Mengyao"|""|""
"USA"|"UCDAVIS"|"Yes"|"Squires"|"Michael"|""|""
"USA"|"UCDAVIS"|"Yes"|"Tos"|"Kyle"|""|""
"USA"|"UCDAVIS"|"Yes"|"Tuli"|"Santona"|""|""
"USA"|"UCLA"|"Yes"|"Bravo"|"Cameron"|""|""
"USA"|"UCRIVERSIDE"|"Yes"|"Ghiasi Shirazi"|"Seyyed Mohammad Amin"|""|""
"USA"|"UCRIVERSIDE"|"Yes"|"Heilman"|"Jesse"|""|""
"USA"|"UCRIVERSIDE"|"Yes"|"Jandir"|"Pawandeep"|""|""
"USA"|"UCRIVERSIDE"|"Yes"|"Kennedy"|"Elizabeth"|""|""
"USA"|"UCRIVERSIDE"|"Yes"|"Serpico"|"Jonathan"|""|""
"USA"|"UCRIVERSIDE"|"Yes"|"Shrinivas"|"Amithabh"|""|""
"USA"|"UCRIVERSIDE"|"Yes"|"Wang"|"Long"|""|""
"USA"|"UCRIVERSIDE"|"Yes"|"Wei"|"Hua"|""|""
"USA"|"UCRIVERSIDE"|"Yes"|"Yates"|"Brent"|""|""
"USA"|"UCSD"|"Yes"|"Gerosa"|"Raffaele"|""|""
"USA"|"UCSD"|"Yes"|"Hashemi"|"Bobak"|""|""
"USA"|"UCSD"|"Yes"|"Macneill"|"Ian"|""|""
"USA"|"UCSD"|"Yes"|"Simon"|"Sean"|""|""
"USA"|"UCSD"|"Yes"|"Welke"|"Charles"|""|""
"USA"|"UCSD"|"Yes"|"Wood"|"John"|""|""
"USA"|"VANDERBILT"|"Yes"|"Janjam"|"Ravi"|""|""
"USA"|"VANDERBILT"|"Yes"|"Morrow"|"Sylvia"|""|""
"USA"|"VANDERBILT"|"Yes"|"Ni"|"Hong"|""|""
"USA"|"VANDERBILT"|"Yes"|"Peng"|"Weizhuang"|""|""
"USA"|"VANDERBILT"|"Yes"|"Stevens"|"Aaron"|""|""
"USA"|"VANDERBILT"|"Yes"|"Xu"|"Qiao"|""|""
"USA"|"VIRGINIA-UNIV"|"Yes"|"Carson"|"Zachary"|""|""
"USA"|"VIRGINIA-UNIV"|"Yes"|"Sun"|"Xin"|""|""
"USA"|"VIRGINIA-UNIV"|"Yes"|"Wang"|"Yanchu"|""|""
"USA"|"VIRGINIA-UNIV"|"Yes"|"Wolfe"|"Evan"|""|""
"USA"|"VIRGINIA-UNIV"|"Yes"|"Xia"|"Fan"|""|""
"USA"|"WAYNE"|"Yes"|"Clarke"|"Christopher"|""|""
"USA"|"WISCONSIN"|"Yes"|"Belknap"|"Donald"|""|""
"USA"|"WISCONSIN"|"Yes"|"Levine"|"Aaron"|""|""
"USA"|"WISCONSIN"|"Yes"|"Li"|"Jiande"|""|""
"USA"|"WISCONSIN"|"Yes"|"Perry"|"Thomas"|""|""
"USA"|"WISCONSIN"|"Yes"|"Pierro"|"Giuseppe Antonio"|""|""
"USA"|"WISCONSIN"|"Yes"|"Polese"|"Giovanni"|""|""
"USA"|"WISCONSIN"|"Yes"|"Premakumar"|"Vickram"|""|""
"USA"|"WISCONSIN"|"Yes"|"Sharma"|"Archana"|""|""
"USA"|"ALABAMA-UNIV"|"Yes"|"Charaf"|"Otman"|""|""
"USA"|"ALABAMA-UNIV"|"Yes"|"Henderson"|"Conor"|""|""
"USA"|"BOSTON-UNIV"|"Yes"|"GarcÌa Vera"|"Miguel Francisco"|""|""
"USA"|"BOSTON-UNIV"|"Yes"|"Gastler"|"Daniel"|""|""
"USA"|"BOSTON-UNIV"|"Yes"|"Gorodetzky"|"Philippe"|""|""
"USA"|"BOSTON-UNIV"|"Yes"|"Gusev"|"Yuri"|""|""
"USA"|"BOSTON-UNIV"|"Yes"|"Lazic"|"Dragoslav"|""|""
"USA"|"BROWN-UNIV"|"Yes"|"Speer"|"Thomas"|""|""
"USA"|"CALTECH"|"Yes"|"Bendavid"|"Joshua"|""|""
"USA"|"CALTECH"|"Yes"|"Bornheim"|"Adolf"|""|""
"USA"|"CALTECH"|"Yes"|"Kcira"|"Dorian"|""|""
"USA"|"CALTECH"|"Yes"|"Litvine"|"Vladimir"|""|""
"USA"|"CALTECH"|"Yes"|"Newman"|"Harvey B."|""|""
"USA"|"CALTECH"|"Yes"|"Spiropulu"|"Maria"|""|""
"USA"|"CALTECH"|"Yes"|"Vlimant"|"Jean-Roch"|""|""
"USA"|"CALTECH"|"Yes"|"Zhu"|"Ren-Yuan"|""|""
"USA"|"CARNEGIE-MELLON"|"Yes"|"Mccracken"|"Michael"|""|""
"USA"|"COLORADO"|"Yes"|"Cumalat"|"John Perry"|""|""
"USA"|"COLORADO"|"Yes"|"Leontsinis"|"Stefanos"|""|""
"USA"|"COLORADO"|"Yes"|"Luiggi Lopez"|"Eduardo"|""|""
"USA"|"COLORADO"|"Yes"|"Wagner"|"Stephen Robert"|""|""
"USA"|"CORNELL"|"Yes"|"Heltsley"|"Brian"|""|""
"USA"|"CORNELL"|"Yes"|"Poprocki"|"Stephen"|""|""
"USA"|"CORNELL"|"Yes"|"Ryd"|"Anders"|""|""
"USA"|"CORNELL"|"Yes"|"Sun"|"Werner"|""|""
"USA"|"FAIRFIELD"|"Yes"|"Biselli"|"Angela"|""|""
"USA"|"FAIRFIELD"|"Yes"|"Kuhn"|"Joachim"|""|""
"USA"|"FAIRFIELD"|"Yes"|"Winn"|"Dave"|""|""
"USA"|"FERMILAB"|"Yes"|"Cooper"|"William"|""|""
"USA"|"FERMILAB"|"Yes"|"Culbertson"|"Ray"|""|""
"USA"|"FERMILAB"|"Yes"|"Denisov"|"Dmitri"|""|""
"USA"|"FERMILAB"|"Yes"|"Fischler"|"Mark"|""|""
"USA"|"FERMILAB"|"Yes"|"Fisk"|"Ian"|""|""
"USA"|"FERMILAB"|"Yes"|"Gaines"|"Irwin"|""|""
"USA"|"FERMILAB"|"Yes"|"Glenzinski"|"Douglas A."|""|""
"USA"|"FERMILAB"|"Yes"|"Gowdy"|"Stephen"|""|""
"USA"|"FERMILAB"|"Yes"|"James"|"Eric"|""|""
"USA"|"FERMILAB"|"Yes"|"Lewis"|"Jonathan"|""|""
"USA"|"FERMILAB"|"Yes"|"Lykken"|"Joseph"|""|""
"USA"|"FERMILAB"|"Yes"|"Mokhov"|"Nikolai"|""|""
"USA"|"FERMILAB"|"Yes"|"O''Dell"|"Vivian"|""|""
"USA"|"FERMILAB"|"Yes"|"Para"|"Adam"|""|""
"USA"|"FERMILAB"|"Yes"|"Patrick"|"James"|""|""
"USA"|"FERMILAB"|"Yes"|"Pivarski"|"James"|""|""
"USA"|"FERMILAB"|"Yes"|"Prokofyev"|"Oleg"|""|""
"USA"|"FERMILAB"|"Yes"|"Ronzhin"|"Anatoly"|""|""
"USA"|"FERMILAB"|"Yes"|"Roser"|"Robert"|""|""
"USA"|"FERMILAB"|"Yes"|"Rubinov"|"Paul"|""|""
"USA"|"FERMILAB"|"Yes"|"Taylor"|"Lucas"|""|""
"USA"|"FERMILAB"|"Yes"|"Wang"|"Michael"|""|""
"USA"|"FERMILAB"|"Yes"|"White"|"Sebastian"|""|""
"USA"|"FERMILAB"|"Yes"|"Whitmore"|"Juliana"|""|""
"USA"|"FERMILAB"|"Yes"|"Yarba"|"Victor"|""|""
"USA"|"FLORIDA-STATE"|"Yes"|"Tentindo"|"Silvia"|""|""
"USA"|"FLORIDA-STATE"|"Yes"|"Wahl"|"Horst"|""|""
"USA"|"FLORIDA-TECH"|"Yes"|"Baarmand"|"Marc M."|""|""
"USA"|"FLORIDA-TECH"|"Yes"|"Colafranceschi"|"Stefano"|""|""
"USA"|"FLORIDA-UNIV"|"Yes"|"Avery"|"Paul"|""|""
"USA"|"FLORIDA-UNIV"|"Yes"|"Bortignon"|"Pierluigi"|""|""
"USA"|"FLORIDA-UNIV"|"Yes"|"Brinkerhoff"|"Andrew"|""|""
"USA"|"FLORIDA-UNIV"|"Yes"|"Field"|"Richard D."|""|""
"USA"|"FLORIDA-UNIV"|"Yes"|"Fu"|"Yu"|""|""
"USA"|"FLORIDA-UNIV"|"Yes"|"Furic"|"Ivan-Kresimir"|""|""
"USA"|"FLORIDA-UNIV"|"Yes"|"Gainer"|"James"|""|""
"USA"|"FLORIDA-UNIV"|"Yes"|"Gleyzer"|"Sergei V"|""|""
"USA"|"FLORIDA-UNIV"|"Yes"|"Klimenko"|"Sergey"|""|""
"USA"|"FLORIDA-UNIV"|"Yes"|"Matchev"|"Konstantin"|""|""
"USA"|"FLORIDA-UNIV"|"Yes"|"Milenovic"|"Predrag"|""|""
"USA"|"FLORIDA-UNIV"|"Yes"|"Ramond"|"Pierre"|""|""
"USA"|"FLORIDA-UNIV"|"Yes"|"Sperka"|"David"|""|""
"USA"|"FLORIDA-UNIV"|"Yes"|"Thomas"|"Laurent"|""|""
"USA"|"FLORIDA-UNIV"|"Yes"|"Wang"|"Jian"|""|""
"USA"|"FLORIDA-UNIV"|"Yes"|"Yelton"|"John"|""|""
"USA"|"IOWA"|"Yes"|"George"|"Nigel"|""|""
"USA"|"IOWA"|"Yes"|"Repond"|"JosÈ"|""|""
"USA"|"JOHNS-HOPKINS"|"Yes"|"Swartz"|"Morris"|""|""
"USA"|"KANSAS-STATE"|"Yes"|"Bolton"|"Tim"|""|""
"USA"|"KANSAS-UNIV"|"Yes"|"Baringer"|"Philip"|""|""
"USA"|"KANSAS-UNIV"|"Yes"|"Bean"|"Alice"|""|""
"USA"|"KANSAS-UNIV"|"Yes"|"Kropivnitskaya"|"Anna"|""|""
"USA"|"KANSAS-UNIV"|"Yes"|"Majumder"|"Devdatta"|""|""
"USA"|"KANSAS-UNIV"|"Yes"|"Minafra"|"Nicola"|""|""
"USA"|"KANSAS-UNIV"|"Yes"|"Murray"|"Michael"|""|""
"USA"|"KANSAS-UNIV"|"Yes"|"Popescu"|"Sorina"|""|""
"USA"|"KANSAS-UNIV"|"Yes"|"Royon"|"Christophe"|""|""
"USA"|"KANSAS-UNIV"|"Yes"|"Sanders"|"Stephen"|""|""
"USA"|"KANSAS-UNIV"|"Yes"|"Stringer"|"Robert"|""|""
"USA"|"KANSAS-UNIV"|"Yes"|"Tapia Takaki"|"Daniel"|""|""
"USA"|"KANSAS-UNIV"|"Yes"|"Wang"|"Quan"|""|""
"USA"|"KANSAS-UNIV"|"Yes"|"Wilson"|"Graham"|""|""
"USA"|"LIVERMORE"|"Yes"|"Gronberg"|"Jeffrey"|""|""
"USA"|"LIVERMORE"|"Yes"|"Lange"|"David"|""|""
"USA"|"LIVERMORE"|"Yes"|"Rebassoo"|"Finn"|""|""
"USA"|"LIVERMORE"|"Yes"|"Wright"|"Douglas"|""|""
"USA"|"LOS_ALAMOS"|"No"|"Brooks"|"Melynda"|""|""
"USA"|"LOS_ALAMOS"|"No"|"Green"|"J. Andrew"|""|""
"USA"|"LOS_ALAMOS"|"No"|"Kapustinsky"|"Jon"|""|""
"USA"|"LOS_ALAMOS"|"No"|"Klein"|"Andreas"|""|""
"USA"|"LOS_ALAMOS"|"No"|"Leitch"|"Michael"|""|""
"USA"|"MARYLAND"|"Yes"|"Baden"|"Drew"|""|""
"USA"|"MARYLAND"|"Yes"|"Belloni"|"Alberto"|""|""
"USA"|"MARYLAND"|"Yes"|"Eno"|"Sarah Catherine"|""|""
"USA"|"MARYLAND"|"Yes"|"Hadley"|"Nicholas John"|""|""
"USA"|"MARYLAND"|"Yes"|"Jeng"|"Geng-Yuan"|""|""
"USA"|"MARYLAND"|"Yes"|"Kellogg"|"Richard G."|""|""
"USA"|"MARYLAND"|"Yes"|"Kolberg"|"Ted"|""|""
"USA"|"MARYLAND"|"Yes"|"Kunkle"|"Joshua"|""|""
"USA"|"MARYLAND"|"Yes"|"Mignerey"|"Alice"|""|""
"USA"|"MARYLAND"|"Yes"|"Skuja"|"Andris"|""|""
"USA"|"MARYLAND"|"Yes"|"Youn"|"Sung Woo"|""|""
"USA"|"MINNESOTA"|"Yes"|"Kao"|"Shih-Chuan"|""|""
"USA"|"MINNESOTA"|"Yes"|"Nourbakhsh"|"Shervin"|""|""
"USA"|"MINNESOTA"|"Yes"|"Rusack"|"Roger"|""|""
"USA"|"MINNESOTA"|"Yes"|"Singovsky"|"Alexander"|""|""
"USA"|"MISSISSIPPI"|"Yes"|"Cremaldi"|"Lucien Marcus"|""|""
"USA"|"MISSISSIPPI"|"Yes"|"Godang"|"Romulus"|""|""
"USA"|"MISSISSIPPI"|"Yes"|"Kroeger"|"Rob"|""|""
"USA"|"MISSISSIPPI"|"Yes"|"Perera"|"Lalith"|""|""
"USA"|"MISSISSIPPI"|"Yes"|"Reidy"|"Jim"|""|""
"USA"|"MISSISSIPPI"|"Yes"|"Sanders"|"David A"|""|""
"USA"|"MISSISSIPPI"|"Yes"|"Summers"|"Don"|""|""
"USA"|"MIT"|"Yes"|"Cali"|"Ivan Amos"|""|""
"USA"|"MIT"|"Yes"|"Demiragli"|"Zeynep"|""|""
"USA"|"MIT"|"Yes"|"Gomez Ceballos"|"Guillelmo"|""|""
"USA"|"MIT"|"Yes"|"Goncharov"|"Maxim"|""|""
"USA"|"MIT"|"Yes"|"Iiyama"|"Yutaro"|""|""
"USA"|"MIT"|"Yes"|"Innocenti"|"Gian Michele"|""|""
"USA"|"MIT"|"Yes"|"Klute"|"Markus"|""|""
"USA"|"MIT"|"Yes"|"Kovalskyi"|"Dmytro"|""|""
"USA"|"MIT"|"Yes"|"Lai"|"Yue Shi"|""|""
"USA"|"MIT"|"Yes"|"Lee"|"Yen-Jie"|""|""
"USA"|"MIT"|"Yes"|"Marini"|"Andrea Carlo"|""|""
"USA"|"MIT"|"Yes"|"Mironov"|"Camelia"|""|""
"USA"|"MIT"|"Yes"|"Paus"|"Christoph"|""|""
"USA"|"MIT"|"Yes"|"Roland"|"Christof"|""|""
"USA"|"MIT"|"Yes"|"Roland"|"Gunther"|""|""
"USA"|"MIT"|"Yes"|"Salfeld-Nebgen"|"Jakob"|""|""
"USA"|"MIT"|"Yes"|"Stephans"|"George"|""|""
"USA"|"MIT"|"Yes"|"Wyslouch"|"Bolek"|""|""
"USA"|"NORTHEASTERN"|"Yes"|"Wood"|"Darien"|""|""
"USA"|"NORTHWESTERN"|"Yes"|"Schmitt"|"Michael Henry"|""|""
"USA"|"NORTHWESTERN"|"Yes"|"Sung"|"Kevin"|""|""
"USA"|"NORTHWESTERN"|"Yes"|"Trovato"|"Marco"|""|""
"USA"|"NORTHWESTERN"|"Yes"|"Velasco"|"Mayda"|""|""
"USA"|"NOTRE_DAME"|"Yes"|"Marinelli"|"Nancy"|""|""
"USA"|"NOTRE_DAME"|"Yes"|"McCauley"|"Thomas"|""|""
"USA"|"NOTRE_DAME"|"Yes"|"Musienko"|"Yuri"|""|""
"USA"|"NOTRE_DAME"|"Yes"|"Smith"|"Geoffrey"|""|""
"USA"|"NOTRE_DAME"|"Yes"|"Suh"|"In-Saeng"|""|""
"USA"|"NOTRE_DAME"|"Yes"|"Taroni"|"Silvia"|""|""
"USA"|"PRINCETON"|"Yes"|"Benaglia"|"Andrea"|""|""
"USA"|"PRINCETON"|"Yes"|"Driga"|"Olga"|""|""
"USA"|"PRINCETON"|"Yes"|"Elmer"|"Peter"|""|""
"USA"|"PRINCETON"|"Yes"|"Koay"|"Sue Ann"|""|""
"USA"|"PRINCETON"|"Yes"|"Lujan"|"Paul"|""|""
"USA"|"PRINCETON"|"Yes"|"Marlow"|"Daniel"|""|""
"USA"|"PRINCETON"|"Yes"|"Medvedeva"|"Tatiana"|""|""
"USA"|"PRINCETON"|"Yes"|"Palmer"|"Christopher"|""|""
"USA"|"PRINCETON"|"Yes"|"Stickland"|"David"|""|""
"USA"|"PRINCETON"|"Yes"|"Tully"|"Christopher"|""|""
"USA"|"PUERTO_RICO"|"Yes"|"Brownson"|"Eric"|""|""
"USA"|"PUERTO_RICO"|"Yes"|"Lopez"|"Angel"|""|""
"USA"|"PUERTO_RICO"|"Yes"|"Mendez"|"Hector"|""|""
"USA"|"RICE"|"Yes"|"Akgun"|"Bora"|""|""
"USA"|"RICE"|"Yes"|"Ecklund"|"Karl Matthew"|""|""
"USA"|"RICE"|"Yes"|"Eppley"|"Geary"|""|""
"USA"|"RICE"|"Yes"|"Geurts"|"Frank J.M."|""|""
"USA"|"RICE"|"Yes"|"Guilbaud"|"Maxime"|""|""
"USA"|"RICE"|"Yes"|"Li"|"Wei"|""|""
"USA"|"RICE"|"Yes"|"Padley"|"Brian Paul"|""|""
"USA"|"RICE"|"Yes"|"Roberts"|"Jay"|""|""
"USA"|"RICE"|"Yes"|"Rorie"|"Jamal"|""|""
"USA"|"RICE"|"Yes"|"Yepes"|"Pablo"|""|""
"USA"|"ROCKEFELLER"|"Yes"|"Bhatti"|"Anwar"|""|""
"USA"|"ROCKEFELLER"|"Yes"|"Ciesielski"|"Robert"|""|""
"USA"|"ROCKEFELLER"|"Yes"|"Goulianos"|"Konstantin"|""|""
"USA"|"ROCKEFELLER"|"Yes"|"Mesropian"|"Christina"|""|""
"USA"|"RUTGERS"|"Yes"|"Saka"|"Halil"|""|""
"USA"|"RUTGERS"|"Yes"|"Salur"|"Sevil"|""|""
"USA"|"RUTGERS"|"Yes"|"Schnetzer"|"Steve"|""|""
"USA"|"RUTGERS"|"Yes"|"Somalwar"|"Sunil"|""|""
"USA"|"RUTGERS"|"Yes"|"Stone"|"Robert"|""|""
"USA"|"RUTGERS"|"Yes"|"Thomas"|"Scott"|""|""
"USA"|"RUTGERS"|"Yes"|"Walker"|"Matthew"|""|""
"USA"|"TEXAS-TAMU"|"Yes"|"Krutelyov"|"Vyacheslav"|""|""
"USA"|"TEXAS-TECH"|"Yes"|"Sill"|"Alan"|""|""
"USA"|"TEXAS-TECH"|"Yes"|"Wigmans"|"Richard"|""|""
"USA"|"UCDAVIS"|"Yes"|"Breedon"|"Richard"|""|""
"USA"|"UCDAVIS"|"Yes"|"Calderon De La Barca Sanchez"|"Manuel"|""|""
"USA"|"UCDAVIS"|"Yes"|"Cebra"|"Daniel"|""|""
"USA"|"UCDAVIS"|"Yes"|"Chertok"|"Maxwell"|""|""
"USA"|"UCDAVIS"|"Yes"|"Conway"|"John"|""|""
"USA"|"UCDAVIS"|"Yes"|"Cox"|"Peter Timothy"|""|""
"USA"|"UCDAVIS"|"Yes"|"Erbacher"|"Robin"|""|""
"USA"|"UCDAVIS"|"Yes"|"Gunion"|"Jack"|""|""
"USA"|"UCDAVIS"|"Yes"|"Mulhearn"|"Michael"|""|""
"USA"|"UCDAVIS"|"Yes"|"Smith"|"John"|""|""
"USA"|"UCDAVIS"|"Yes"|"Tripathi"|"Mani"|""|""
"USA"|"UCDAVIS"|"Yes"|"Vogt"|"Ramona"|""|""
"USA"|"UCDAVIS"|"Yes"|"Yohay"|"Rachel"|""|""
"USA"|"UCLA"|"Yes"|"Andreev"|"Valeri"|""|""
"USA"|"UCLA"|"Yes"|"Bern"|"Zvi"|""|""
"USA"|"UCLA"|"Yes"|"Erhan"|"Samim"|""|""
"USA"|"UCLA"|"Yes"|"Hauser"|"Jay"|""|""
"USA"|"UCLA"|"Yes"|"Ignatenko"|"Mikhail"|""|""
"USA"|"UCLA"|"Yes"|"Saltzberg"|"David"|""|""
"USA"|"UCRIVERSIDE"|"Yes"|"Ellison"|"John Anthony"|""|""
"USA"|"UCRIVERSIDE"|"Yes"|"Gary"|"J William"|""|""
"USA"|"UCRIVERSIDE"|"Yes"|"Lacroix"|"Florent"|""|""
"USA"|"UCRIVERSIDE"|"Yes"|"Long"|"Owen Rosser"|""|""
"USA"|"UCRIVERSIDE"|"Yes"|"Macintire"|"Doug"|""|""
"USA"|"UCRIVERSIDE"|"Yes"|"Malberti"|"Martina"|""|""
"USA"|"UCRIVERSIDE"|"Yes"|"Paneva"|"Mirena Ivova"|""|""
"USA"|"UCRIVERSIDE"|"Yes"|"Seto"|"Richard"|""|""
"USA"|"UCRIVERSIDE"|"Yes"|"Wimpenny"|"Stephen"|""|""
"USA"|"UCSD"|"Yes"|"Branson"|"James G."|""|""
"USA"|"UCSD"|"Yes"|"Holzner"|"AndrÈ"|""|""
"USA"|"UCSD"|"Yes"|"Pieri"|"Marco"|""|""
"USA"|"UCSD"|"Yes"|"Sani"|"Matteo"|""|""
"USA"|"UCSD"|"Yes"|"Sharma"|"Vivek"|""|""
"USA"|"UCSD"|"Yes"|"Tadel"|"Matevz"|""|""
"USA"|"UCSD"|"Yes"|"Tanasijczuk"|"Andres"|""|""
"USA"|"UCSD"|"Yes"|"Vartak"|"Adish"|""|""
"USA"|"UCSD"|"Yes"|"Wasserbaech"|"Steven"|""|""
"USA"|"UCSD"|"Yes"|"Yagil"|"Avraham"|""|""
"USA"|"VANDERBILT"|"Yes"|"Appelt"|"Eric"|""|""
"USA"|"VANDERBILT"|"Yes"|"Gabella"|"William"|""|""
"USA"|"VANDERBILT"|"Yes"|"Greene"|"Senta"|""|""
"USA"|"VANDERBILT"|"Yes"|"Johns"|"Willard"|""|""
"USA"|"VANDERBILT"|"Yes"|"Maguire"|"Charles"|""|""
"USA"|"VANDERBILT"|"Yes"|"Mao"|"Yaxian"|""|""
"USA"|"VANDERBILT"|"Yes"|"Sheldon"|"Paul"|""|""
"USA"|"VANDERBILT"|"Yes"|"Tuo"|"Shengquan"|""|""
"USA"|"VANDERBILT"|"Yes"|"Velkovska"|"Julia"|""|""
"USA"|"VIRGINIA-UNIV"|"Yes"|"Arenton"|"Michael Wayne"|""|""
"USA"|"VIRGINIA-UNIV"|"Yes"|"Barria"|"Patrizia"|""|""
"USA"|"VIRGINIA-UNIV"|"Yes"|"Cox"|"Bradley"|""|""
"USA"|"VIRGINIA-UNIV"|"Yes"|"Hirosky"|"Robert"|""|""
"USA"|"VIRGINIA-UNIV"|"Yes"|"Ledovskoy"|"Alexander"|""|""
"USA"|"VIRGINIA-UNIV"|"Yes"|"Li"|"Hengne"|""|""
"USA"|"VIRGINIA-UNIV"|"Yes"|"Neu"|"Christopher"|""|""
"USA"|"VIRGINIA-UNIV"|"Yes"|"Sinthuprasith"|"Tutanon"|""|""
"USA"|"WAYNE"|"Yes"|"MilstËne"|"Caroline"|""|""
"USA"|"WISCONSIN"|"Yes"|"Duric"|"Senka"|""|""
"USA"|"WISCONSIN"|"Yes"|"Klabbers"|"Pamela"|""|""
"USA"|"WISCONSIN"|"Yes"|"Lanaro"|"Armando"|""|""
"USA"|"WISCONSIN"|"Yes"|"Palmonari"|"Francesco"|""|""
"USA"|"WISCONSIN"|"Yes"|"Sarangi"|"Tapas"|""|""
"USA"|"WISCONSIN"|"Yes"|"Savin"|"Alexander"|""|""